{
    "products": [
      {
        "Name": "Parque Nacional Podocarpus",
        "Description": "El Parque Nacional Podocarpus es una reserva natural ubicada en la provincia de Loja. Ofrece una gran diversidad de flora y fauna, así como rutas de senderismo y hermosos paisajes.",
        "Price": "$10"
      },
      {
        "Name": "Vilcabamba",
        "Description": "Vilcabamba es un pintoresco pueblo conocido por su clima agradable y su longevidad. Es un destino popular para aquellos que buscan relajarse y disfrutar de la naturaleza.",
        "Price": "$20"
      },
      {
        "Name": "Cascada El Cisne",
        "Description": "La Cascada El Cisne es una hermosa cascada ubicada en la provincia de Loja. Es un lugar ideal para realizar caminatas y disfrutar de la belleza natural.",
        "Price": "$15"
      }
    ]
  }
  